task,epoch,accuracy,f1,mcc,loss
CoLA,1.0,0.6912751677852349,0.4087301587301587,0.0,0.6151166558265686
CoLA,2.0,0.6797698945349953,0.5480982772934827,0.14021328845591102,0.5969152450561523
CoLA,3.0,0.6999041227229147,0.6157972472799383,0.24448869687592642,0.7147499918937683
CoLA,4.0,0.7027804410354745,0.6172703598484849,0.24912551078491946,1.050520420074463
CoLA,5.0,0.7123681687440077,0.6177097281817204,0.26069079210911306,1.4754945039749146
MRPC,1.0,0.7401960784313726,0.8389057750759878,,0.5521041750907898
MRPC,2.0,0.8676470588235294,0.8996282527881041,,0.3268657326698303
MRPC,3.0,0.8872549019607843,0.9195804195804196,,0.5453106760978699
MRPC,4.0,0.8872549019607843,0.9178571428571428,,0.7772046327590942
MRPC,5.0,0.8872549019607843,0.9187279151943463,,0.8302362561225891
RTE,1.0,0.48014440433212996,0.3524675324675325,,0.728840172290802
RTE,2.0,0.6787003610108303,0.6711398652704595,,0.6247427463531494
RTE,3.0,0.7111913357400722,0.7033626044120797,,1.3823678493499756
RTE,4.0,0.7725631768953068,0.7705415959922686,,1.9527086019515991
RTE,5.0,0.7617328519855595,0.7613565162907268,,2.0771360397338867
SST-2,1.0,0.9197247706422018,0.9189814814814815,,0.4965401291847229
SST-2,2.0,0.9243119266055045,0.9237875288683602,,0.6395097374916077
SST-2,3.0,0.9243119266055045,0.923963133640553,,0.6615827083587646
