learning_rate,batch_size,weight_decay,epoch,val_accuracy,val_f1_macro,val_precision_macro,val_recall_macro,val_loss,training_time_sec
5e-05,8,0.0,1.0,0.7707006369426752,0.7543347780057426,0.8335960591133006,0.7684923771880293,0.660622775554657,419.17442083358765
5e-05,8,0.0,2.0,0.9235668789808917,0.9238861025306039,0.9320500927643784,0.9243365330321851,0.3081919848918915,419.17442083358765
5e-05,8,0.0,3.0,0.9299363057324841,0.9305330295154531,0.9320467317361727,0.9308300395256915,0.3308524787425995,419.17442083358765
5e-05,8,0.0,4.0,0.9363057324840764,0.9368252732679302,0.9393445570447858,0.9364765669113495,0.270069420337677,419.17442083358765
5e-05,8,0.0,5.0,0.9426751592356688,0.9437411093698129,0.9481690336953496,0.9426877470355731,0.326234370470047,419.17442083358765
5e-05,8,0.01,1.0,0.7961783439490446,0.7959070671457952,0.8335949764521192,0.7950310559006211,0.5439790487289429,422.98823523521423
5e-05,8,0.01,2.0,0.9617834394904459,0.9616555261692039,0.964935064935065,0.9624505928853756,0.19236183166503906,422.98823523521423
5e-05,8,0.01,3.0,0.9171974522292994,0.919006177627035,0.9304988662131519,0.9184076792772445,0.415183961391449,422.98823523521423
5e-05,8,0.01,4.0,0.9299363057324841,0.9312239973265489,0.9371781727044884,0.9302653867871259,0.44363489747047424,422.98823523521423
5e-05,8,0.01,5.0,0.9235668789808917,0.9257898874412228,0.9332247922518577,0.9240542066629022,0.43872809410095215,422.98823523521423
5e-05,8,0.1,1.0,0.8343949044585988,0.8299239125914436,0.8482807515065579,0.8334274421230943,0.5224189162254333,458.30506467819214
5e-05,8,0.1,2.0,0.9490445859872612,0.9485035987315624,0.9509227614490773,0.9500282326369283,0.22265979647636414,458.30506467819214
5e-05,8,0.1,3.0,0.9426751592356688,0.94311340425211,0.9476592248331378,0.9435347261434218,0.3521328866481781,458.30506467819214
5e-05,8,0.1,4.0,0.9554140127388535,0.9555086455135936,0.9558596165739023,0.9556747600225861,0.30362653732299805,458.30506467819214
5e-05,8,0.1,5.0,0.9490445859872612,0.9491094562457059,0.9498729531338226,0.9491812535290797,0.3322928547859192,458.30506467819214
5e-05,16,0.0,1.0,0.7579617834394905,0.7655841756935672,0.8137362637362637,0.759175607001694,0.5791434645652771,548.9863018989563
5e-05,16,0.0,2.0,0.9171974522292994,0.9162462500528161,0.925509947568771,0.9186900056465274,0.26470497250556946,548.9863018989563
5e-05,16,0.0,3.0,0.9044585987261147,0.9051515651761209,0.9131297446514838,0.9059853190287972,0.33056482672691345,548.9863018989563
5e-05,16,0.0,4.0,0.9171974522292994,0.9200843973953219,0.9267161410018553,0.9181253529079615,0.41351234912872314,548.9863018989563
5e-05,16,0.0,5.0,0.9299363057324841,0.9328757880040838,0.9415435139573071,0.9305477131564087,0.43302154541015625,548.9863018989563
5e-05,16,0.01,1.0,0.7643312101910829,0.7663892437411601,0.7933855360325948,0.7639751552795032,0.6686774492263794,417.61071276664734
5e-05,16,0.01,2.0,0.9044585987261147,0.9049804983308819,0.9165482193967952,0.9059853190287973,0.2919098734855652,417.61071276664734
5e-05,16,0.01,3.0,0.9044585987261147,0.9053074821159928,0.9137493838114956,0.9057029926595144,0.4618937373161316,417.61071276664734
5e-05,16,0.01,4.0,0.9363057324840764,0.9372123512543513,0.9402173913043479,0.9376058723884811,0.3438572585582733,417.61071276664734
5e-05,16,0.01,5.0,0.9235668789808917,0.9268825591786941,0.9377192982456142,0.9240542066629022,0.44178926944732666,417.61071276664734
5e-05,16,0.1,1.0,0.7770700636942676,0.7845055521502452,0.8091634314544531,0.7778091473743647,0.6513386368751526,425.436363697052
5e-05,16,0.1,2.0,0.8980891719745223,0.8976926963196986,0.9098283650382601,0.8997741389045737,0.3183828890323639,425.436363697052
5e-05,16,0.1,3.0,0.9171974522292994,0.9180422286879025,0.9231857641468625,0.9181253529079615,0.2925335764884949,425.436363697052
5e-05,16,0.1,4.0,0.910828025477707,0.9128931235259019,0.920106434918465,0.9110671936758894,0.3270263969898224,425.436363697052
5e-05,16,0.1,5.0,0.9044585987261147,0.9072570312079478,0.9162767812949301,0.9054206662902314,0.3300304114818573,425.436363697052
